{
  "EXT_SOURCE_2": 206258.57355809212,
  "EXT_SOURCE_3": 193173.0855202675,
  "CODE_GENDER": 19883.043923854828,
  "PAYMENT_RATE": 112121.57675743103,
  "DAYS_EMPLOYED": 45138.019639253616,
  "INSTAL_DPD_MEAN": 38562.21571683884,
  "PREV_CNT_PAYMENT_MEAN": 35109.69387435913,
  "NAME_EDUCATION_TYPE_Highereducation": 22452.55259037018,
  "DAYS_BIRTH": 44261.41557979584,
  "AMT_ANNUITY": 39243.71451258659
}